,pulsetiming,x,y,z
0,4.023434721999999,0.537058,4.005096,1.382018
1,4.0679416669999995,0.527554,3.999109,1.356992
2,4.100038889,0.518557,3.996239,1.343774
3,4.138997222,0.507504,3.99921,1.336645
4,4.178090972,0.506594,4.006392,1.339795
5,4.213382638999999,0.511331,4.008152,1.34444
6,4.257903471999999,0.521639,4.000925,1.347636
7,4.301059722,0.526776,3.993273,1.339024
8,4.343674305999999,0.531763,3.986272,1.31939
9,4.436288889,0.524041,3.950578,1.211167
10,4.471288889,0.518883,3.924952,1.163286
11,4.505125694,0.506524,3.876647,1.094769
12,4.5365493059999995,0.495738,3.830342,1.041561
13,4.566528472,0.48301,3.776497,0.988348
14,4.601146527999999,0.470581,3.714596,0.936842
15,4.642045832999999,0.457945,3.619894,0.871199
16,4.679556249999999,0.452127,3.511259,0.810052
17,4.71922986,0.45202,3.390803,0.755793
18,4.75795903,0.457981,3.260359,0.708966
19,4.804854859999999,0.47385,3.12124,0.673722
20,4.84674375,0.503142,2.937683,0.646785
21,4.884535419999999,0.523946,2.824287,0.640157
22,4.92189306,0.551882,2.672402,0.644931
23,4.949427779999999,0.571845,2.559356,0.658345
24,4.976806249999999,0.587202,2.448275,0.680293
25,5.049278469999999,0.601658,2.195707,0.759523
26,5.09862569,0.597019,2.021089,0.832301
27,5.1632437499999995,0.576931,1.807192,0.91812
28,5.22630625,0.551151,1.552833,1.001582
29,5.283872219999999,0.535467,1.372888,1.055123
30,5.34190347,0.542683,1.161837,1.119181
31,5.43819167,0.648662,0.845021,1.223803
32,5.51975069,0.816483,0.641032,1.292296
33,5.572538889999999,0.946887,0.53693,1.323223
34,5.610809719999999,1.064181,0.468801,1.341774
35,5.64136875,1.157259,0.423867,1.352817
36,5.665417359999999,1.253603,0.385052,1.364929
37,5.693448609999999,1.319736,0.360674,1.372212
38,5.776292359999999,1.626658,0.288247,1.417303
39,5.8081499999999995,1.734367,0.278447,1.432223
40,5.84105278,1.842102,0.267281,1.449837
41,5.87055625,1.952364,0.25652,1.471216
42,5.905722919999999,2.100922,0.24284,1.49376
43,5.941000689999999,2.211411,0.232884,1.495287
44,5.97279236,2.320466,0.223973,1.481811
45,6.01263264,2.46431,0.215871,1.451202
46,6.062320139999999,2.645179,0.214318,1.413324
47,6.116358329999999,2.868845,0.230581,1.373135
48,6.160063189999999,3.020995,0.257652,1.345378
49,6.19730972,3.171169,0.296474,1.323251
50,6.22590347,3.282054,0.335495,1.3105
51,6.252726389999999,3.354233,0.364957,1.304251
52,6.280990279999999,3.459407,0.414484,1.299256
53,6.31717431,3.592049,0.493329,1.297382
54,6.35824375,3.715283,0.583391,1.298663
55,6.4007472199999995,3.829274,0.688819,1.298457
56,6.4388444400000004,3.932319,0.802914,1.30274
57,6.466695139999999,4.001554,0.894639,1.307167
58,6.50415347,4.059806,0.992866,1.313468
59,6.53360833,4.102992,1.098672,1.321344
60,6.5650701399999996,4.143905,1.246247,1.33415
61,6.589413889999999,4.158595,1.321606,1.341272
62,6.61021944,4.170113,1.398384,1.347047
63,6.63144514,4.179261,1.475911,1.351404
64,6.65401458,4.185889,1.553281,1.354903
65,6.687799309999999,4.19025,1.708506,1.36206
66,6.73372986,4.180415,1.866566,1.366502
67,6.78836875,4.154474,2.105824,1.362354
68,6.843986809999999,4.126162,2.306593,1.350858
69,6.8816187499999995,4.096241,2.467283,1.338744
70,6.90550417,4.067776,2.586533,1.334326
71,6.932389579999999,4.044883,2.665361,1.333163
72,6.97748333,3.969295,2.853557,1.34118
73,7.028840969999999,3.866611,3.031752,1.355227
74,7.0836048599999994,3.759315,3.207135,1.375984
75,7.140834029999999,3.620564,3.412963,1.392963
76,7.19757708,3.44858,3.592057,1.413581
77,7.23947639,3.321359,3.69824,1.427152
78,7.29177153,3.157426,3.820602,1.44582
79,7.34849028,2.948561,3.948406,1.465019
80,7.395448609999999,2.760607,4.026779,1.486002
81,7.440191669999999,2.608701,4.07776,1.505421
82,7.48138958,2.454955,4.116297,1.525571
83,7.53035139,2.262855,4.151231,1.550044
84,7.576209029999999,2.07144,4.168663,1.576956
85,7.61947292,1.921363,4.173043,1.596203
86,7.676243749999999,1.703781,4.166961,1.628417
87,7.726396529999999,1.531082,4.144122,1.65736
88,7.767361809999999,1.398385,4.114079,1.682163
89,7.807156939999999,1.271885,4.080083,1.706614
90,7.88804236,1.035243,3.995132,1.748645
91,7.92353194,0.951912,3.959077,1.759358
92,7.96871597,0.817389,3.88963,1.764833
93,8.01861875,0.687855,3.818924,1.758722
94,8.0728375,0.564143,3.742218,1.745967
95,8.119674309999999,0.456673,3.645391,1.729376
96,8.16747986,0.369851,3.530092,1.711619
97,8.21906667,0.304839,3.400294,1.691326
98,8.27315694,0.260656,3.25957,1.667724
99,8.33616389,0.224311,3.050855,1.626551
100,8.39955625,0.213055,2.861394,1.582235
101,8.45918125,0.221366,2.661837,1.537099
102,8.535309719999999,0.254958,2.383639,1.481417
103,8.596830559999999,0.292083,2.166717,1.44432
104,8.64050069,0.321046,2.018707,1.422879
105,8.67803889,0.352841,1.871556,1.407318
106,8.71769861,0.389939,1.725524,1.400169
107,8.752629169999999,0.41955,1.617841,1.399277
108,8.828941669999999,0.511307,1.338666,1.408
109,8.89029583,0.594294,1.136526,1.414992
110,8.95791736,0.711297,0.91276,1.420517
111,9.02176806,0.836347,0.738617,1.426863
112,9.06754583,0.962705,0.614745,1.435146
113,9.112945139999999,1.073615,0.529274,1.444854
114,9.15456319,1.193327,0.456356,1.454134
115,9.19397639,1.317521,0.396377,1.466262
116,9.22985139,1.44735,0.351577,1.479793
117,9.261757639999999,1.544955,0.324295,1.491564
118,9.31003194,1.711519,0.293556,1.511709
119,9.35970556,1.878589,0.27583,1.530132
120,9.41705625,2.092776,0.276038,1.544454
121,9.48155278,2.306928,0.286273,1.548982
122,9.55431667,2.541375,0.292678,1.552738
123,9.63443819,2.817997,0.320404,1.552586
124,9.712875689999999,3.093217,0.359001,1.550567
125,9.773361809999999,3.294533,0.391,1.55234
126,9.84413264,3.519436,0.425216,1.569006
127,9.908927779999999,3.724759,0.454267,1.607103
128,9.96183403,3.858891,0.466727,1.642426
129,10.00832014,3.978414,0.475983,1.685342
130,10.05116389,4.061702,0.485349,1.724106
131,10.09632708,4.149105,0.498347,1.77355
132,10.14705625,4.216726,0.52086,1.824047
133,10.20018819,4.267327,0.553018,1.870503
134,10.257299309999999,4.313902,0.600927,1.915756
135,10.29622292,4.332325,0.641024,1.935849
136,10.33682361,4.343455,0.687442,1.944937
137,10.38620208,4.347712,0.748936,1.942619
138,10.43287569,4.34649,0.801947,1.925786
139,10.48163958,4.337915,0.868851,1.884824
140,10.52878542,4.323507,0.936265,1.820417
141,10.592014579999999,4.297919,1.015704,1.719598
142,10.64998333,4.257744,1.099697,1.596939
143,10.70164653,4.202942,1.173881,1.484911
144,10.748969439999998,4.126629,1.252301,1.370616
145,10.800417359999999,4.02686,1.334241,1.258273
146,10.833021529999998,3.954908,1.384026,1.193537
147,10.86632708,3.850708,1.452735,1.11185
148,10.90378542,3.767116,1.508044,1.054634
149,10.96257708,3.587157,1.626924,0.959733
150,11.021556249999998,3.393836,1.758208,0.893256
151,11.0823375,3.196615,1.905712,0.841003
152,11.13692083,2.997821,2.063616,0.805018
153,11.188434719999998,2.830729,2.200471,0.789738
154,11.248351389999998,2.629571,2.363464,0.79908
155,11.30591736,2.434108,2.527616,0.827376
156,11.36104236,2.272435,2.659646,0.864889
157,11.41736528,2.089306,2.815239,0.922516
158,11.47360139,1.941185,2.935322,0.980714
159,11.52004236,1.796192,3.037951,1.051245
160,11.558962499999998,1.684943,3.106685,1.11125
161,11.61197639,1.548318,3.171329,1.188008
162,11.668743749999999,1.392928,3.222853,1.276407
163,11.72365347,1.267986,3.242164,1.340673
164,11.807903470000001,1.055695,3.229975,1.43325
165,11.998632639999999,0.673259,3.039222,1.513676
166,12.14900069,0.456794,2.757077,1.474803
167,12.22016736,0.386317,2.589607,1.439134
168,12.33822986,0.3098,2.262112,1.369744
169,12.398625690000001,0.296221,2.081149,1.337917
170,12.460969440000001,0.301271,1.891925,1.31316
171,12.532709030000001,0.326244,1.666815,1.293057
172,12.60051458,0.376893,1.441437,1.283219
173,12.70288611,0.497563,1.129109,1.282055
174,12.801122219999998,0.671469,0.848201,1.289842
175,12.872309719999999,0.826719,0.689948,1.31102
176,12.95541389,1.041676,0.522228,1.34708
177,13.04011875,1.249029,0.404592,1.382775
178,13.09937569,1.413932,0.33595,1.40824
179,13.15510486,1.58919,0.284862,1.427636
180,13.207629169999999,1.742857,0.252764,1.438365
181,13.248792360000001,1.869182,0.231663,1.443772
182,13.308577080000001,2.067695,0.213432,1.451039
183,13.377691669999999,2.301337,0.219476,1.447237
184,13.45663958,2.574222,0.240913,1.441931
185,13.526056249999998,2.819755,0.270467,1.440784
186,13.59574028,3.063071,0.307183,1.451684
187,13.664205560000001,3.267594,0.340819,1.473793
188,13.762629169999999,3.589448,0.404849,1.537115
189,13.835604859999998,3.812494,0.46738,1.614784
190,13.91408056,3.976059,0.531034,1.69589
191,13.987247219999999,4.123021,0.616497,1.791402
192,14.03747986,4.19137,0.678413,1.846616
193,14.091743750000001,4.245632,0.748586,1.8927
194,14.145441669999999,4.289662,0.842674,1.93354
195,14.228021530000001,4.3188,0.981706,1.955988
196,14.27019861,4.321637,1.055472,1.94907
197,14.32161875,4.315843,1.14726,1.92175
198,14.372601389999998,4.300506,1.239322,1.873697
199,14.43324375,4.263852,1.347343,1.791927
200,14.48398681,4.213309,1.431093,1.70623
201,14.53082708,4.138328,1.502496,1.608214
202,14.58117083,4.037427,1.559966,1.502431
203,14.628622219999999,3.913531,1.608742,1.392815
204,14.674125689999999,3.801462,1.646504,1.299979
205,14.725379169999998,3.611917,1.707234,1.170247
206,14.792462500000001,3.398808,1.779889,1.058658
207,14.84425069,3.210387,1.853034,0.981004
208,14.88538958,3.018617,1.93909,0.920799
209,14.920899999999998,2.902364,1.995522,0.895324
210,14.955611809999999,2.7495,2.076374,0.874122
211,14.990018059999999,2.636006,2.139602,0.868522
212,15.03000417,2.490073,2.226901,0.872648
213,15.06743125,2.350523,2.31719,0.889393
214,15.122625690000001,2.187429,2.437399,0.922012
215,15.173663889999998,2.032427,2.560184,0.971834
216,15.229806250000001,1.866053,2.721749,1.037413
217,15.281792359999999,1.738935,2.858785,1.098384
218,15.333740279999999,1.617455,2.987688,1.175792
219,15.391795830000001,1.486225,3.138749,1.277569
220,15.45244861,1.366674,3.288728,1.371563
221,15.517084030000001,1.249392,3.454713,1.482653
222,15.58704583,1.175432,3.617491,1.581248
223,15.64938264,1.163385,3.747151,1.655287
224,15.7193375,1.215443,3.880133,1.720079
225,15.78027847,1.305903,3.976618,1.747695
226,15.836486809999998,1.424285,4.061417,1.739439
227,15.88697639,1.54315,4.115692,1.708226
228,15.941927779999999,1.677498,4.157145,1.660449
229,15.99486528,1.825793,4.176266,1.595861
230,16.040469440000003,1.987175,4.178708,1.520991
231,16.08610486,2.160388,4.159728,1.441311
232,16.128611810000002,2.30583,4.133477,1.377617
233,16.17516389,2.491507,4.081492,1.303243
234,16.219243749999997,2.643233,4.029154,1.251734
235,16.275993749999998,2.869559,3.929118,1.19317
236,16.33721944,3.088116,3.804341,1.14677
237,16.39946597,3.294386,3.652304,1.109722
238,16.45359792,3.445859,3.504423,1.082294
239,16.49984792,3.57285,3.337627,1.068895
240,16.535063190000002,3.652542,3.194028,1.067683
241,16.57053889,3.70064,3.083605,1.074037
242,16.598896529999998,3.739027,2.972984,1.087869
243,16.63449722,3.771628,2.863972,1.109994
244,16.668278469999997,3.804492,2.72375,1.147395
245,16.702959030000002,3.82739,2.623386,1.18163
246,16.741590969999997,3.857246,2.497077,1.236109
247,16.786122220000003,3.901321,2.346549,1.310733
248,16.84547639,3.951537,2.169219,1.392614
249,16.91573681,4.011205,1.963421,1.459381
250,16.99292431,4.07253,1.765284,1.515788
251,17.070275000000002,4.12471,1.537645,1.547171
252,17.13544167,4.154407,1.337257,1.550512
253,17.20613958,4.163674,1.133636,1.542918
254,17.274764580000003,4.147838,0.961035,1.522198
255,17.34726458,4.093593,0.739941,1.485971
256,17.404535420000002,4.038644,0.611746,1.465192
257,17.46291042,3.946987,0.474586,1.433052
258,17.51576806,3.826877,0.360639,1.400019
259,17.566681250000002,3.708462,0.289795,1.364421
260,17.618827080000003,3.576664,0.24183,1.322266
261,17.663840970000003,3.461802,0.2216,1.288246
262,17.70571597,3.310741,0.218171,1.242136
263,17.74567778,3.181777,0.225689,1.204118
264,17.787108330000002,3.048494,0.24222,1.165613
265,17.82025069,2.94457,0.256188,1.137054
266,17.85104236,2.838378,0.271607,1.111017
267,17.883802779999996,2.730069,0.289263,1.089298
268,17.945629169999997,2.465155,0.32898,1.056667
269,18.0039625,2.265709,0.351645,1.046067
270,18.078563189999997,1.942139,0.403619,1.02386
271,18.141004170000002,1.696988,0.45245,1.006242
272,18.19196597,1.492172,0.501764,1.013812
273,18.252972919999998,1.256551,0.583045,1.037113
274,18.33970556,0.927298,0.733525,1.102051
275,18.42327153,0.672733,0.899284,1.18217
276,18.493323609999997,0.490007,1.069917,1.259738
277,18.55455278,0.367044,1.231576,1.329159
278,18.616365279999997,0.265841,1.43688,1.403448
279,18.678455559999996,0.213712,1.622407,1.458716
280,18.734531939999997,0.187883,1.783135,1.49895
281,18.8038375,0.180617,2.016044,1.537253
282,18.86017778,0.185651,2.222787,1.555788
283,18.90411528,0.206019,2.361107,1.556669
284,18.933542359999997,0.223385,2.465754,1.551065
285,18.966726389999998,0.247173,2.604653,1.541184
286,19.00142778,0.267804,2.707794,1.531493
287,19.038472919999997,0.299623,2.84427,1.519127
288,19.06627153,0.32433,2.946994,1.513658
289,19.096271530000003,0.351137,3.047134,1.511213
290,19.12545556,0.379739,3.144771,1.513044
291,19.165212500000003,0.418994,3.272948,1.522364
292,19.21224375,0.460955,3.401269,1.535359
293,19.24984097,0.506377,3.527895,1.543457
294,19.30716736,0.589596,3.704697,1.549603
295,19.363653470000003,0.674784,3.836516,1.55369
296,19.40610486,0.778616,3.949949,1.554259
297,19.442965970000003,0.849426,4.007156,1.552404
298,19.484288890000002,0.953047,4.072116,1.550518
299,19.53728889,1.124255,4.140445,1.532153
300,19.585771530000002,1.277824,4.173089,1.498844
301,19.640740280000003,1.439443,4.183791,1.460049
302,19.699365280000002,1.644018,4.17404,1.412026
303,19.754632639999997,1.819468,4.146176,1.367425
304,19.812976390000003,2.032729,4.097342,1.318538
305,19.88372639,2.283805,4.02168,1.281055
306,19.93845556,2.495507,3.943457,1.264821
307,20.00178889,2.696624,3.85387,1.262564
308,20.07230278,2.914022,3.736955,1.28286
309,20.13439306,3.084581,3.628152,1.314968
310,20.199375689999997,3.265424,3.489527,1.355757
311,20.25665,3.404073,3.361917,1.391401
312,20.311702079999996,3.508958,3.251977,1.419673
313,20.364639580000002,3.603522,3.136948,1.446227
314,20.409035420000002,3.687643,3.017391,1.469395
315,20.447643059999997,3.748792,2.91899,1.487018
316,20.50503542,3.826473,2.769641,1.512942
317,20.580413890000003,3.89887,2.590865,1.546432
318,20.62718125,3.9447,2.460322,1.568497
319,20.70937222,4.003217,2.247007,1.589677
320,20.77549722,4.044231,2.058342,1.592661
321,20.837313189999996,4.071793,1.892333,1.590152
322,20.91025417,4.088015,1.693128,1.577322
323,20.979879169999997,4.089209,1.49016,1.558202
324,21.061941670000003,4.073286,1.257347,1.537792
325,21.131354860000002,4.038392,1.0582,1.527233
326,21.208070139999997,3.972593,0.846781,1.52939
327,21.280861809999998,3.886458,0.683321,1.541268
328,21.36387569,3.756882,0.526638,1.553443
329,21.42845208,3.620124,0.417808,1.555539
330,21.48118472,3.511569,0.355776,1.549666
331,21.53794861,3.370872,0.300018,1.528163
332,21.588372219999997,3.24535,0.267702,1.503747
333,21.62565694,3.139934,0.246897,1.48121
334,21.659597920000003,3.059649,0.237327,1.461684
335,21.70233056,2.949488,0.230083,1.432728
336,21.759354860000002,2.779192,0.232715,1.388824
337,21.826459030000002,2.570294,0.248408,1.338186
338,21.88174722,2.414957,0.264417,1.300732
339,21.955052780000003,2.160021,0.301804,1.242264
340,22.041177779999998,1.896935,0.350243,1.198594
341,22.119719439999997,1.629732,0.415901,1.175972
342,22.209528470000002,1.334179,0.516381,1.167592
343,22.30363611,1.05644,0.651108,1.178566
344,22.39139653,0.805454,0.825346,1.199812
345,22.48459097,0.59363,1.033254,1.232712
346,22.562104859999998,0.444504,1.241851,1.267175
347,22.62817431,0.345337,1.437464,1.297881
348,22.691170829999997,0.282872,1.611393,1.323687
349,22.754615280000003,0.241656,1.790835,1.345344
350,22.814740280000002,0.22114,1.97462,1.362276
351,22.869629169999996,0.213694,2.162177,1.370159
352,22.922802779999998,0.22342,2.320166,1.366145
353,22.96783403,0.240279,2.478101,1.357313
354,23.01300069,0.261939,2.603815,1.347153
355,23.054000690000002,0.287664,2.728827,1.336488
356,23.08899375,0.317963,2.852109,1.329761
357,23.131396529999996,0.350739,2.974101,1.328069
358,23.170330559999996,0.386212,3.094707,1.331253
359,23.212601389999996,0.423108,3.21308,1.339107
360,23.28015,0.492263,3.417562,1.357598
361,23.31293125,0.524771,3.502139,1.366335
362,23.369702079999996,0.592983,3.665002,1.385902
363,23.441080559999996,0.685781,3.835677,1.410963
364,23.49403889,0.763901,3.94044,1.431199
365,23.53587222,0.852327,4.02879,1.450467
366,23.59204236,0.949603,4.101839,1.468298
367,23.658077079999998,1.102593,4.171876,1.480078
368,23.713445139999997,1.221171,4.203616,1.484488
369,23.780781939999997,1.393566,4.225205,1.477537
370,23.85067083,1.572559,4.218451,1.450777
371,23.921021529999997,1.762754,4.19465,1.412364
372,23.98391042,1.931232,4.157053,1.365835
373,24.044743750000002,2.106521,4.10816,1.312245
374,24.104945139999998,2.291037,4.049048,1.261639
375,24.213670829999998,2.637122,3.906563,1.186995
376,24.275969439999997,2.854939,3.790689,1.161306
377,24.34508056,3.060021,3.650145,1.150502
378,24.41776111,3.245386,3.487308,1.151714
379,24.480417359999997,3.384542,3.333897,1.161723
380,24.53484444,3.486716,3.199322,1.178981
381,24.59193819,3.59082,3.029553,1.203334
382,24.647077080000003,3.676708,2.858051,1.234303
383,24.687150000000003,3.726676,2.745454,1.262475
384,24.722684719999997,3.759197,2.662591,1.286738
385,24.76825764,3.810771,2.528168,1.332293
386,24.82901458,3.867155,2.369592,1.386299
387,24.908025000000002,3.936345,2.160911,1.443704
388,24.99241042,3.999068,1.950858,1.476544
389,25.067868750000002,4.048922,1.739498,1.492936
390,25.13182708,4.071801,1.57951,1.492312
391,25.204139579999996,4.079233,1.39028,1.483067
392,25.28597292,4.052402,1.14618,1.464501
393,25.35306319,4.010992,0.987179,1.451769
394,25.4309625,3.926857,0.786228,1.433812
395,25.500292360000003,3.822004,0.627874,1.413283
396,25.56187569,3.71021,0.509887,1.395303
397,25.61975417,3.579946,0.410972,1.3774
398,25.676257640000003,3.433057,0.331459,1.356748
399,25.72953889,3.301874,0.282516,1.334231
400,25.782761110000003,3.16372,0.248895,1.30677
401,25.82685833,3.016045,0.226882,1.285619
402,25.866445139999996,2.89416,0.219365,1.267878
403,25.940021530000003,2.675804,0.230511,1.230359
404,26.002372219999998,2.48092,0.252251,1.201807
405,26.073205559999998,2.249783,0.292337,1.169619
406,26.13768819,2.014683,0.345638,1.143597
407,26.20725417,1.778109,0.417404,1.119184
408,26.289420829999997,1.509384,0.518837,1.100671
409,26.367535420000003,1.252887,0.640473,1.102151
410,26.452542360000002,1.020253,0.793921,1.119937
411,26.54300069,0.796155,1.003869,1.154179
412,26.721632639999996,0.495645,1.510406,1.23268
413,26.796156939999996,0.421543,1.761145,1.262519
414,26.850764579999996,0.386738,1.922895,1.278377
415,26.892472919999996,0.367306,2.055356,1.289425
416,26.94256319,0.346163,2.219806,1.303785
417,27.00350417,0.329402,2.419997,1.322589
418,27.07201458,0.31461,2.654857,1.348117
419,27.13813958,0.305619,2.889566,1.370224
420,27.188778469999995,0.306058,3.055585,1.386225
421,27.22583056,0.311697,3.184034,1.401425
422,27.293045829999997,0.328346,3.370621,1.433595
423,27.359209029999995,0.379242,3.576536,1.458778
424,27.4330875,0.453294,3.762461,1.486606
425,27.514656939999995,0.568196,3.940347,1.517313
426,27.592014579999997,0.712378,4.074005,1.537551
427,27.648656939999995,0.839544,4.142573,1.543911
428,27.70091736,0.953385,4.181705,1.541348
429,27.761049310000004,1.099524,4.209309,1.528001
430,27.821264580000005,1.253668,4.213111,1.501852
431,27.873403470000007,1.386568,4.201997,1.473751
432,27.938261110000006,1.583237,4.170184,1.430579
433,28.004893060000008,1.757641,4.125591,1.388239
434,28.069275000000005,1.968611,4.061143,1.343035
435,28.12698333,2.155677,3.997886,1.313709
436,28.189927780000005,2.345425,3.925476,1.290374
437,28.277031940000008,2.627066,3.798406,1.270203
438,28.337656940000002,2.807728,3.697703,1.266342
439,28.399063190000007,2.980686,3.58482,1.268338
440,28.464035420000002,3.141154,3.456728,1.266118
441,28.514476390000006,3.263013,3.342636,1.268609
442,28.557969440000008,3.374266,3.221785,1.278233
443,28.608219440000006,3.47306,3.09274,1.289491
444,28.656424310000006,3.560709,2.959846,1.305325
445,28.7133375,3.640777,2.823645,1.329118
446,28.775486810000004,3.736848,2.626226,1.367399
447,28.831813190000005,3.797633,2.483306,1.396541
448,28.888775000000003,3.868845,2.311411,1.432414
449,28.967601390000006,3.946972,2.080095,1.468521
450,29.051608330000008,4.012688,1.850997,1.48945
451,29.137844440000002,4.068053,1.594152,1.493282
452,29.211771530000007,4.089787,1.395723,1.47971
453,29.292344440000008,4.087068,1.175503,1.46445
454,29.376886110000008,4.036308,0.944147,1.452143
455,29.460243750000004,3.944875,0.76069,1.435525
456,29.522077080000003,3.849811,0.641192,1.417977
457,29.58117431,3.734331,0.539612,1.391678
458,29.635983330000002,3.599967,0.457368,1.357471
459,29.690670830000002,3.475963,0.40574,1.323902
460,29.743438190000006,3.341733,0.365953,1.289305
461,29.783038890000007,3.227601,0.344598,1.260832
462,29.840552780000003,3.047928,0.324775,1.220809
463,29.890545830000008,2.88988,0.315874,1.19172
464,29.929646530000007,2.760422,0.314626,1.171973
465,30.008021530000008,2.490521,0.317898,1.139518
466,30.088542360000005,2.213364,0.33647,1.10711
467,30.202174310000004,1.831935,0.39199,1.077348
468,30.263493750000002,1.62652,0.444169,1.066723
469,30.33701458,1.365629,0.544231,1.061233
470,30.427941670000003,1.097682,0.703779,1.064652
471,30.500389580000004,0.911807,0.857659,1.07291
472,30.564969440000006,0.770681,1.005937,1.086444
473,30.64525417000001,0.593915,1.250641,1.117715
474,30.716955560000002,0.485655,1.45321,1.148162
475,30.781802780000007,0.415196,1.633381,1.172912
476,30.865358330000007,0.34466,1.910575,1.204783
477,30.931788890000007,0.319122,2.099818,1.221151
478,30.989594440000005,0.306372,2.291848,1.23142
479,31.053007640000004,0.306561,2.484247,1.238922
480,31.120795830000006,0.317465,2.710423,1.247344
481,31.172038890000003,0.332577,2.872648,1.252284
482,31.219566670000006,0.352233,3.031746,1.261815
483,31.289806250000005,0.385443,3.249607,1.285539
484,31.352677780000008,0.424587,3.428756,1.310748
485,31.418660420000002,0.484257,3.623915,1.349118
486,31.494625690000007,0.564913,3.796342,1.390008
487,31.565896530000003,0.684657,3.957585,1.439511
488,31.635250690000007,0.814134,4.063851,1.471815
489,31.702643060000007,0.94078,4.129231,1.491352
490,31.764729860000003,1.077069,4.173032,1.502169
491,31.834497220000003,1.246599,4.199149,1.497247
492,31.898618750000004,1.429855,4.203458,1.48013
493,31.982038890000005,1.651924,4.181475,1.439278
494,32.05035139,1.856991,4.144951,1.392637
495,32.12395903,2.071972,4.094703,1.342902
496,32.19384792,2.295211,4.032341,1.300623
497,32.25558403,2.521299,3.954096,1.26792
498,32.337306250000005,2.773759,3.839709,1.240183
499,32.420035420000005,3.013125,3.698513,1.227896
500,32.506840970000006,3.256333,3.509376,1.229483
501,32.58535139000001,3.441221,3.315655,1.239684
502,32.65067083,3.557979,3.158153,1.251174
503,32.697066670000005,3.642049,3.02155,1.265343
504,32.73872986000001,3.698651,2.910007,1.280902
505,32.78274375,3.749335,2.79819,1.302474
506,32.83159444,3.801908,2.657995,1.334985
507,32.88822986,3.854959,2.489508,1.380857
508,32.96169167000001,3.910999,2.291462,1.427307
509,33.047233330000005,3.973374,2.037468,1.469365
510,33.13938264000001,4.022489,1.785625,1.492645
511,33.215813190000006,4.044561,1.561586,1.493827
512,33.29760486000001,4.042825,1.337956,1.482185
513,33.36934097,4.019865,1.145251,1.471025
514,33.454792360000006,3.96172,0.934094,1.454612
515,33.530854860000005,3.865699,0.739458,1.431252
516,33.60112222000001,3.749915,0.589642,1.406305
517,33.65720556000001,3.629015,0.48144,1.381514
518,33.701719440000005,3.538131,0.421382,1.363242
519,33.76237222,3.388232,0.350845,1.335543
520,33.815736810000004,3.224124,0.300514,1.305259
521,33.86367778,3.108652,0.278762,1.277571
522,33.90443819000001,2.989123,0.262366,1.247326
523,33.97305278,2.77004,0.250998,1.189144
524,34.038184720000004,2.538096,0.256099,1.132932
525,34.201542360000005,1.978565,0.321206,1.034466
526,34.27542778000001,1.69382,0.388705,1.003606
527,34.34003889,1.484643,0.456916,0.995208
528,34.41354931000001,1.250574,0.557497,1.000943
529,34.50287917000001,0.977088,0.722088,1.029343
530,34.58562569000001,0.744731,0.919905,1.078511
531,34.673573610000005,0.575211,1.11561,1.137752
532,34.752771530000004,0.445735,1.327649,1.195605
533,34.829976390000006,0.354697,1.55059,1.248848
534,34.89920208,0.303852,1.753203,1.289142
535,34.955594440000006,0.276045,1.931681,1.314985
536,35.03019167000001,0.264879,2.142839,1.335109
537,35.10126806,0.267215,2.356828,1.347641
538,35.16172986000001,0.27787,2.543607,1.352397
539,35.243365280000006,0.307277,2.793308,1.354852
540,35.30679931,0.345433,3.01065,1.358257
541,35.358007640000004,0.378773,3.163913,1.362828
542,35.406302780000004,0.420871,3.31372,1.368734
543,35.45584444000001,0.471093,3.457065,1.374465
544,35.51894861,0.544622,3.619665,1.382537
545,35.580486810000004,0.633691,3.766358,1.393144
546,35.638007640000005,0.73861,3.894052,1.406995
547,35.68782014000001,0.838391,3.98398,1.417159
548,35.75068472,0.970662,4.073556,1.423705
549,35.813740280000005,1.115134,4.139887,1.424681
550,35.881615280000005,1.295687,4.187957,1.422192
551,35.965764580000005,1.545474,4.208598,1.406765
552,36.03285833,1.721449,4.201441,1.386423
553,36.098615280000004,1.935176,4.176737,1.354759
554,36.175160420000005,2.187313,4.126785,1.322065
555,36.248097920000006,2.411015,4.065931,1.302923
556,36.31472292000001,2.59907,4.000393,1.294936
557,36.401226390000005,2.86854,3.87517,1.301342
558,36.47315694,3.062693,3.754378,1.315365
559,36.55896250000001,3.29093,3.571199,1.333761
560,36.63178889,3.4488,3.408752,1.349324
561,36.69999028,3.58628,3.232044,1.36975
562,36.771646530000005,3.700557,3.043928,1.393682
563,36.836368750000005,3.795377,2.846989,1.420553
564,36.890382640000006,3.856922,2.703588,1.438036
565,36.965018060000006,3.93727,2.467488,1.459968
566,37.05574722000001,4.011572,2.198923,1.477937
567,37.137413890000005,4.062616,1.956774,1.48381
568,37.218979860000005,4.097785,1.711644,1.476858
569,37.286677780000005,4.114594,1.497741,1.465996
570,37.35036875000001,4.112453,1.31904,1.459489
571,37.42025069,4.084012,1.118907,1.458883
572,37.49506667000001,4.013106,0.907609,1.458459
573,37.56972639000001,3.919668,0.744638,1.455116
574,37.63545208000001,3.795377,0.606251,1.445457
575,37.707278470000006,3.644315,0.493971,1.425817
576,37.77979236,3.470716,0.407919,1.396912
577,37.840059720000006,3.305574,0.351995,1.367602
578,37.885722920000006,3.158969,0.322285,1.336558
579,37.93224722000001,3.036709,0.306029,1.311252
580,37.99982708,2.808762,0.290828,1.27431
581,38.070559720000006,2.56913,0.294071,1.238221
582,38.14036875000001,2.319588,0.309852,1.206285
583,38.22754931000001,1.990203,0.346436,1.176882
584,38.300191670000004,1.732801,0.390582,1.166218
585,38.39430625000001,1.414081,0.47706,1.180198
586,38.47197639,1.153707,0.582272,1.221222
587,38.54222639,0.951651,0.69523,1.268925
588,38.596900000000005,0.800498,0.801007,1.322643
589,38.644087500000005,0.712599,0.874696,1.363099
590,38.69727847000001,0.596505,0.98563,1.429054
591,38.752476390000005,0.513392,1.075121,1.489674
592,38.80829931,0.427742,1.179186,1.563632
593,38.86311181000001,0.366954,1.263236,1.620499
594,38.92108056000001,0.306516,1.365376,1.677195
595,38.9738375,0.268228,1.449573,1.713014
596,39.04032361,0.23007,1.570015,1.749932
597,39.106733330000004,0.212151,1.699952,1.758028
598,39.16870903,0.210217,1.815812,1.74002
599,39.226288890000006,0.218803,1.936934,1.695252
600,39.28194167,0.237568,2.040422,1.643003
601,39.356045830000006,0.291529,2.21419,1.53689
602,39.41267431000001,0.341076,2.328449,1.461172
603,39.47146250000001,0.41845,2.472912,1.367849
604,39.52282014000001,0.499481,2.595256,1.287976
605,39.56720208000001,0.595485,2.718102,1.209443
606,39.61141389,0.681254,2.817237,1.156804
607,39.65010139,0.77368,2.913661,1.114061
608,39.69426111000001,0.872628,3.003487,1.07958
609,39.74754583000001,1.032513,3.121645,1.045605
610,39.809986810000005,1.205903,3.216282,1.028321
611,39.85838958000001,1.358752,3.278912,1.022279
612,39.90566389000001,1.517824,3.324388,1.014657
613,39.94593125000001,1.647571,3.351285,1.009754
614,40.00514306,1.848103,3.380692,1.009245
615,40.076084030000004,2.087619,3.395344,1.011287
616,40.13904583000001,2.295781,3.400207,1.017961
617,40.20760139000001,2.540255,3.403101,1.03785
618,40.27453194,2.747672,3.399673,1.064375
619,40.34689653,3.013649,3.381133,1.116271
620,40.42196597,3.230002,3.344632,1.172551
621,40.49774028,3.451207,3.275529,1.241306
622,40.58237917,3.640811,3.179148,1.311538
623,40.661580560000004,3.798982,3.059201,1.371305
624,40.72849722000001,3.912434,2.939883,1.411372
625,40.76869167,3.968859,2.86734,1.432158
626,40.817879170000005,4.027725,2.769873,1.452321
627,40.87039653000001,4.077346,2.668787,1.467061
628,40.922521530000004,4.116521,2.561984,1.474271
629,40.983129170000005,4.148966,2.427771,1.476817
630,41.037472920000006,4.171137,2.287622,1.470025
631,41.104125690000004,4.182127,2.14191,1.45111
632,41.178747220000005,4.181096,1.942528,1.404163
633,41.252715970000004,4.16599,1.760063,1.349434
634,41.31839653000001,4.138787,1.568912,1.291694
635,41.39796597000001,4.086697,1.343975,1.236626
636,41.47572292,4.007916,1.123682,1.20278
637,41.565931250000006,3.877588,0.89655,1.182242
638,41.64751111,3.7227,0.723657,1.177592
639,41.70805972,3.584398,0.615551,1.175681
640,41.757858330000005,3.457516,0.537906,1.172451
641,41.821747220000006,3.292143,0.460542,1.171551
642,41.89717083000001,3.054139,0.384435,1.173651
643,41.966688190000006,2.832885,0.339519,1.176371
644,42.031927780000004,2.636527,0.310815,1.176455
645,42.09929236000001,2.400796,0.291965,1.172757
646,42.198045830000005,2.058519,0.287565,1.168094
647,42.2869,1.74777,0.306123,1.170366
648,42.380028470000006,1.443718,0.354894,1.180419
649,42.503518060000005,1.072259,0.469972,1.224829
650,42.579750690000004,0.860371,0.585243,1.269404
651,42.66174722,0.680555,0.732429,1.31385
652,42.740476390000005,0.535829,0.908652,1.353643
653,42.81254236,0.435178,1.081757,1.382316
654,42.88797292,0.351708,1.296261,1.408969
655,42.96407708,0.303247,1.495914,1.429399
656,43.02414653,0.274208,1.674224,1.440884
657,43.07857708,0.260263,1.857724,1.440661
658,43.131014580000006,0.255769,2.013205,1.438339
659,43.195052780000005,0.25451,2.236812,1.438358
660,43.25441389,0.263667,2.399696,1.436037
661,43.31142778,0.277894,2.59729,1.430016
662,43.3789,0.304403,2.828899,1.424596
663,43.443063190000004,0.334702,3.023339,1.428734
664,43.518236810000005,0.389348,3.272694,1.447654
665,43.579580560000004,0.444909,3.447133,1.467792
666,43.65482361000001,0.528901,3.634272,1.496296
667,43.73140694000001,0.657991,3.819046,1.524576
668,43.79421597,0.774962,3.936138,1.544003
669,43.85599375,0.934123,4.046628,1.556422
670,43.93345903,1.112582,4.127778,1.559232
671,44.00725417,1.335703,4.186001,1.557173
672,44.075972920000005,1.545031,4.208916,1.54986
673,44.14888958,1.76505,4.211764,1.535788
674,44.22116389000001,1.992858,4.191,1.515484
675,44.289757640000005,2.224749,4.148746,1.495749
676,44.36378194,2.45697,4.087177,1.480348
677,44.43965347,2.715078,3.98979,1.469493
678,44.523514580000004,2.957449,3.867234,1.475293
679,44.596417360000004,3.180064,3.719407,1.488957
680,44.66859444000001,3.354415,3.56783,1.498611
681,44.745441670000005,3.526603,3.37488,1.512484
682,44.82089306,3.652875,3.190017,1.528076
683,44.88770556000001,3.759266,2.994101,1.541819
684,44.95144861000001,3.837891,2.819162,1.55129
685,45.00782014000001,3.900008,2.637891,1.555151
686,45.080497220000005,3.957547,2.420676,1.554924
687,45.15429583,4.000249,2.198628,1.552783
688,45.22853889,4.02728,1.940889,1.546023
689,45.308597920000004,4.02913,1.680722,1.539502
690,45.396382640000006,4.004653,1.390869,1.539151
691,45.471844440000005,3.961433,1.174459,1.546073
692,45.55083056,3.881009,0.945961,1.560861
693,45.628768060000006,3.766304,0.74901,1.578447
694,45.70923681000001,3.615716,0.589431,1.594666
695,45.78955972000001,3.432421,0.466827,1.59708
696,45.849097920000006,3.279273,0.397008,1.587623
697,45.892090970000005,3.170574,0.359324,1.577109
698,45.92644861000001,3.058416,0.330259,1.565786
699,45.9755875,2.911246,0.300487,1.553998
700,46.04909097,2.696026,0.278877,1.534212
701,46.117809720000004,2.472818,0.269845,1.511013
702,46.189431250000005,2.24237,0.271926,1.484482
703,46.262959030000005,2.006969,0.286522,1.463205
704,46.340420830000006,1.738013,0.325006,1.444322
705,46.422441670000005,1.476108,0.389131,1.440862
706,46.50482361,1.230218,0.482702,1.450616
707,46.59006319,0.983661,0.625505,1.474325
708,46.66561181,0.797044,0.78552,1.494842
709,46.739136110000004,0.658126,0.945109,1.504806
710,46.818337500000005,0.526837,1.149507,1.508694
711,46.895427780000006,0.426481,1.375085,1.498632
712,46.96113264,0.371285,1.556698,1.485211
713,47.02188958000001,0.331312,1.746298,1.470267
714,47.08566736,0.29998,1.977336,1.45285
715,47.14528889,0.283453,2.183376,1.441689
716,47.21482361,0.277086,2.393507,1.432225
717,47.28863958,0.278339,2.678864,1.424438
718,47.355521530000004,0.290288,2.927844,1.426166
719,47.42348333,0.312115,3.134187,1.435953
720,47.503479860000006,0.363388,3.393165,1.462015
721,47.58828889000001,0.461013,3.651347,1.504779
722,47.67757361,0.608028,3.864532,1.543068
723,47.74995208000001,0.751014,3.996042,1.563593
724,47.823952080000005,0.917519,4.095027,1.573309
725,47.89475764,1.102602,4.161835,1.571264
726,47.96880972,1.331347,4.203579,1.556815
727,48.048740280000004,1.575664,4.214685,1.533689
728,48.12787917000001,1.832336,4.195239,1.497645
729,48.23997292000001,2.19932,4.122118,1.44244
730,48.29537569000001,2.403123,4.06119,1.417127
731,48.358636110000006,2.604542,3.986225,1.400266
732,48.43758750000001,2.866159,3.864915,1.393218
733,48.51468819000001,3.083869,3.739856,1.402786
734,48.58066042000001,3.287261,3.597214,1.421251
735,48.654771530000005,3.472011,3.438738,1.446848
736,48.73397639,3.660657,3.24676,1.485162
737,48.801903470000006,3.802825,3.070223,1.521692
738,48.85810139,3.90534,2.914725,1.553711
739,48.911854860000005,3.974716,2.782591,1.580984
740,48.96600764000001,4.040433,2.621405,1.611161
741,49.03359444,4.089086,2.455527,1.630732
742,49.095063190000005,4.126598,2.258237,1.644401
743,49.163281940000005,4.147437,2.086911,1.645566
744,49.230337500000005,4.159374,1.882722,1.635696
745,49.302198610000005,4.153383,1.676038,1.617087
746,49.37524375,4.127046,1.438942,1.596538
747,49.53288958,3.998643,1.012406,1.56003
748,49.612195140000004,3.880488,0.809022,1.538259
749,49.678650000000005,3.744828,0.65423,1.5163
750,49.73439306,3.63046,0.559575,1.499223
751,49.78089653000001,3.502182,0.479542,1.485352
752,49.8223375,3.391871,0.42643,1.475932
753,49.88043819000001,3.215227,0.364782,1.45999
754,49.94803889000001,2.992708,0.311377,1.446335
755,50.01036528,2.79466,0.283569,1.429392
756,50.08050069000001,2.555053,0.263245,1.408542
757,50.158590970000006,2.274826,0.268363,1.379692
758,50.24432361,1.990207,0.296147,1.361294
759,50.32478889000001,1.704912,0.34928,1.354664
760,50.41198681,1.393122,0.441472,1.362408
761,50.49137222,1.134698,0.554323,1.389647
762,50.56564653,0.903845,0.694317,1.430538
763,50.640205560000005,0.730236,0.836299,1.47222
764,50.71126111,0.584196,0.995157,1.515214
765,50.78110139,0.46784,1.170344,1.549539
766,50.85952153,0.369739,1.387156,1.578202
767,50.93653194,0.304636,1.61814,1.594364
768,50.997021530000005,0.272034,1.799222,1.59694
769,51.04911528,0.257342,1.955113,1.591337
770,51.10321597000001,0.249557,2.113818,1.582688
771,51.159278470000004,0.248857,2.310035,1.570893
772,51.214650000000006,0.255592,2.475553,1.561571
773,51.26814653,0.268617,2.677923,1.549124
774,51.33386181,0.288566,2.880147,1.540598
775,51.415712500000005,0.330797,3.180056,1.542666
776,51.49168472,0.384484,3.402768,1.554589
777,51.569340970000006,0.47537,3.635009,1.577708
778,51.648722920000004,0.603636,3.830709,1.609672
779,51.733906940000004,0.766929,3.984448,1.63991
780,51.80908403000001,0.958057,4.097189,1.658749
781,51.87783403,1.143958,4.162862,1.66596
782,51.95075069000001,1.34322,4.203322,1.664536
783,52.022254170000004,1.554322,4.220681,1.654186
784,52.08984444000001,1.772895,4.213553,1.633951
785,52.16464306,1.998218,4.189106,1.606742
786,52.22727153,2.229171,4.145173,1.577498
787,52.285514580000005,2.427123,4.090404,1.558222
788,52.35474028,2.622294,4.020051,1.546442
789,52.42561528,2.872863,3.898954,1.536698
790,52.50752500000001,3.108008,3.751095,1.53937
791,52.57265694,3.270331,3.623666,1.547353
792,52.64402153,3.441998,3.459442,1.559917
793,52.708514580000006,3.594567,3.281692,1.574268
794,52.76591736,3.707391,3.118347,1.586988
795,52.84684792,3.833338,2.888805,1.605776
796,52.901684720000006,3.898876,2.740333,1.614986
797,52.948261110000004,3.957751,2.588931,1.623111
798,53.00750069000001,4.016396,2.405235,1.629053
799,53.07471597000001,4.066977,2.218707,1.630534
800,53.1510875,4.115385,1.966819,1.626723
801,53.233802780000005,4.143695,1.713975,1.62147
802,53.31322292000001,4.145507,1.463723,1.615554
803,53.40208750000001,4.107438,1.193322,1.611394
804,53.47485486000001,4.042917,0.997944,1.606799
805,53.55716042,3.915607,0.77498,1.595496
806,53.627316670000006,3.781171,0.62934,1.580937
807,53.69224028000001,3.644501,0.526545,1.562346
808,53.75343472000001,3.489383,0.444196,1.539786
809,53.808236810000004,3.317005,0.379984,1.515725
810,53.865948610000004,3.13242,0.335859,1.485442
811,53.91716042,2.971406,0.310524,1.454464
812,53.965122220000005,2.803624,0.296649,1.425508
813,54.01691736000001,2.629609,0.289049,1.398986
814,54.095327080000004,2.343327,0.299341,1.360584
815,54.17198333,2.089606,0.325726,1.338199
816,54.264490280000004,1.762963,0.386608,1.328179
817,54.344021530000006,1.48083,0.468604,1.334888
818,54.43220208,1.181731,0.590284,1.363719
819,54.51288264000001,0.945081,0.72653,1.404225
820,54.585830560000005,0.746436,0.888873,1.454544
821,54.649347920000004,0.621628,1.025799,1.493187
822,54.698156940000004,0.537595,1.150532,1.519731
823,54.74164306000001,0.479253,1.253578,1.537889
824,54.78462917,0.430569,1.35917,1.556211
825,54.81915000000001,0.387606,1.465202,1.57497
826,54.845344440000005,0.362893,1.544332,1.587456
827,54.87144861,0.349288,1.596808,1.595394
828,54.92927153000001,0.321275,1.747742,1.623876
829,54.95953542,0.3128,1.817941,1.642778
830,54.98968819,0.309058,1.88353,1.663593
831,55.016594440000006,0.3069,1.944538,1.686637
832,55.04899375000001,0.307836,2.000539,1.710196
833,55.084788890000006,0.309973,2.053262,1.734383
834,55.14017083,0.316246,2.144702,1.7764
835,55.250215970000006,0.324804,2.289269,1.815315
836,55.30955625000001,0.332392,2.374248,1.805165
837,55.37353194000001,0.345849,2.464144,1.765143
838,55.43953194,0.364685,2.575814,1.687724
839,55.495434720000006,0.383072,2.685272,1.606318
840,55.541820140000006,0.395629,2.768147,1.551504
841,55.607052780000004,0.413752,2.934107,1.465783
842,55.66871597000001,0.427488,3.092653,1.40556
843,55.732215970000006,0.445752,3.258711,1.35747
844,55.791275000000006,0.475235,3.425982,1.322695
845,55.86994167,0.546142,3.639252,1.292849
846,55.93419514000001,0.628394,3.783669,1.27532
847,55.99210833000001,0.734545,3.909426,1.261592
848,56.04653194000001,0.865242,4.011966,1.242512
849,56.112549310000006,1.016625,4.090756,1.220557
850,56.187729860000005,1.241001,4.16099,1.184548
851,56.25835139,1.454048,4.191876,1.148746
852,56.322049310000004,1.646853,4.202052,1.118075
853,56.39433403,1.880648,4.190312,1.083274
854,56.48140694000001,2.191707,4.145038,1.04803
855,56.558816670000006,2.471131,4.079332,1.033089
856,56.63692778000001,2.743351,3.98936,1.040781
857,56.701559720000006,2.935594,3.906651,1.063031
858,56.76157708,3.114629,3.8132,1.097087
859,56.82511181,3.300353,3.689404,1.146895
860,56.90249722000001,3.462608,3.553337,1.204975
861,56.97877153,3.622906,3.383321,1.265196
862,57.06499722,3.758632,3.199399,1.309494
863,57.13941389000001,3.871563,3.004642,1.352988
864,57.19194514,3.929388,2.875658,1.372835
865,57.246573610000006,3.986779,2.715644,1.391934
866,57.30949375,4.036355,2.54881,1.408205
867,57.381445140000004,4.078005,2.34657,1.419337
868,57.46342431000001,4.112034,2.108052,1.427045
869,57.55565347,4.136835,1.802174,1.434647
870,57.63765694000001,4.139664,1.557352,1.439419
871,57.718764580000006,4.12669,1.315008,1.454316
872,57.76783403,4.11149,1.169286,1.473276
873,57.800330560000006,4.099756,1.08475,1.4886
874,57.873080560000005,4.067509,0.89454,1.532744
875,57.93439653000001,4.035429,0.743769,1.577246
876,57.985896530000005,4.005242,0.606495,1.63124
877,58.03949028,3.974554,0.505449,1.675176
878,58.09440000000001,3.943809,0.419226,1.71919
879,58.209955560000004,3.850565,0.269196,1.804169
880,58.273698610000004,3.78889,0.225349,1.825917
881,58.332990280000004,3.717241,0.200377,1.828687
882,58.39486181,3.63312,0.189835,1.809168
883,58.42866042000001,3.571997,0.191064,1.780145
884,58.468459030000005,3.506579,0.195309,1.737967
885,58.526715970000005,3.402251,0.212234,1.657056
886,58.58324375000001,3.305015,0.233539,1.576505
887,58.63995208000001,3.17042,0.265599,1.474809
888,58.685077080000006,3.041741,0.292926,1.394413
889,58.73838958000001,2.898916,0.318749,1.322925
890,58.78118819,2.775036,0.338141,1.273294
891,58.85817778,2.507852,0.378595,1.190339
892,58.93032014,2.259934,0.418055,1.130119
893,58.998465970000005,2.003517,0.465193,1.083698
894,59.07573681,1.708366,0.539311,1.055803
895,59.14178889000001,1.492754,0.614903,1.054103
896,59.21497986000001,1.256628,0.729455,1.071404
897,59.29636528000001,0.984925,0.91587,1.112484
898,59.40135833,0.735839,1.164679,1.175565
899,59.49141736000001,0.566006,1.417703,1.23626
900,59.5517125,0.480355,1.596956,1.27343
901,59.606292360000005,0.412621,1.782447,1.304499
902,59.69509444,0.343768,2.068464,1.345271
903,59.76640347000001,0.311981,2.29586,1.371604
904,59.83073333000001,0.295968,2.492453,1.38874
905,59.890775,0.290629,2.690119,1.40165
906,59.950972920000005,0.29704,2.88506,1.416634
907,60.00393472000001,0.309918,3.044924,1.432199
908,60.05024722000001,0.333345,3.201337,1.44922
909,60.11240694000001,0.372532,3.381244,1.470359
910,60.17993472,0.436325,3.580087,1.496501
911,60.24211528,0.5113,3.737026,1.516818
912,60.30993125,0.620824,3.896241,1.542961
913,60.38312569000001,0.754892,4.023585,1.570237
914,60.45484444000001,0.91247,4.118653,1.592467
915,60.52570556,1.112977,4.191355,1.604416
916,60.589986810000006,1.273051,4.221587,1.603359
917,60.74152847,1.708763,4.221879,1.570041
918,60.83159444000001,1.989686,4.180277,1.524781
919,60.88386528,2.14959,4.146377,1.496459
920,60.92494861000001,2.28081,4.115202,1.474658
921,60.98041736000001,2.478771,4.059006,1.447236
922,61.04315347,2.678034,3.99342,1.426327
923,61.11481667,2.907049,3.901963,1.412143
924,61.19913264000001,3.183556,3.753331,1.408491
925,61.27936528,3.404662,3.589745,1.421544
926,61.39230972000001,3.658205,3.319695,1.448293
927,61.45817431000001,3.791201,3.130394,1.472118
928,61.52141736000001,3.885029,2.960665,1.494706
929,61.59427847,3.973676,2.755144,1.524585
930,61.66517778,4.054409,2.513124,1.554176
931,61.71197639000001,4.084861,2.389043,1.564261
932,61.76414653,4.118147,2.23361,1.574005
933,61.84212569000001,4.155109,1.981735,1.585428
934,61.922337500000005,4.170965,1.728669,1.591574
935,62.01095208,4.163481,1.446352,1.595394
936,62.10191736000001,4.120683,1.175044,1.599413
937,62.17967083,4.045629,0.952598,1.607573
938,62.26061528,3.93124,0.756398,1.612922
939,62.33784792000001,3.780418,0.590429,1.611831
940,62.42024028000001,3.598282,0.458215,1.596116
941,62.48728194000001,3.417352,0.370967,1.575338
942,62.54486181000001,3.277031,0.324644,1.556993
943,62.59375764,3.127738,0.289204,1.534337
944,62.62996597000001,3.004609,0.268765,1.513876
945,62.690858330000005,2.811509,0.252576,1.47877
946,62.75652847,2.577409,0.251559,1.439285
947,62.84122639000001,2.300065,0.26873,1.40239
948,62.91898681,2.01948,0.306518,1.379017
949,62.98685833000001,1.77511,0.358958,1.372536
950,63.053031940000004,1.571148,0.42223,1.37638
951,63.12185139000001,1.343715,0.517493,1.388395
952,63.20860486,1.071889,0.672908,1.408535
953,63.290472920000006,0.856952,0.843697,1.425502
954,63.37729583,0.65192,1.068129,1.443606
955,63.44848333000001,0.522141,1.262705,1.457445
956,63.52526806000001,0.406027,1.501282,1.475951
957,63.59318125000001,0.342197,1.68817,1.488469
958,63.65200069,0.293595,1.879189,1.500478
959,63.71887917,0.252158,2.108437,1.514836
960,63.78341389,0.235205,2.309932,1.51898
961,63.85151111000001,0.227638,2.54829,1.517088
962,63.91150764,0.227719,2.754514,1.522824
963,63.977650000000004,0.246621,2.992218,1.528023
964,64.07362917,0.293792,3.286445,1.540156
965,64.14480972,0.354735,3.498813,1.560377
966,64.23107014,0.47469,3.741893,1.589692
967,64.31236528,0.62236,3.920452,1.615832
968,64.38649722,0.802765,4.05732,1.636254
969,64.45774722,0.983925,4.142253,1.645938
970,64.52810139,1.180344,4.199713,1.646669
971,64.60465694,1.388985,4.232191,1.638572
972,64.68461528,1.640023,4.241836,1.626271
973,64.76766389,1.929814,4.218499,1.6033
974,64.8297125,2.125689,4.185519,1.588961
975,64.87861181,2.291169,4.149887,1.580233
976,64.93993472,2.487793,4.09056,1.571155
977,65.01630972,2.743041,3.992384,1.563304
978,65.10369167,2.985048,3.864784,1.564614
979,65.17584443999999,3.208767,3.706682,1.573084
980,65.25275417,3.385235,3.54418,1.577955
981,65.32555972,3.561651,3.336092,1.58705
982,65.40247639,3.694462,3.139807,1.601634
983,65.47652846999999,3.823167,2.904502,1.621771
984,65.54928542,3.916718,2.691057,1.64114
985,65.59715693999999,3.972032,2.533795,1.65346
986,65.6649625,4.023642,2.342286,1.66749
987,65.72995208,4.069382,2.116946,1.684952
988,65.79903542,4.094996,1.890171,1.698172
989,65.88358056,4.102721,1.631979,1.71002
990,65.96270208,4.085245,1.378726,1.718355
991,66.05297986,4.030841,1.106942,1.732643
992,66.12450417,3.955971,0.911887,1.746206
993,66.19005278,3.854699,0.736374,1.756433
994,66.277025,3.6848,0.546368,1.764881
995,66.34363958,3.550655,0.444717,1.76309
996,66.40688958,3.375061,0.353177,1.752169
997,66.46162917,3.238017,0.305614,1.741664
998,66.50633402999999,3.094502,0.271167,1.72716
999,66.56401111,2.944369,0.252097,1.705078
1000,66.62750068999999,2.725769,0.244082,1.670036
1001,66.69636528,2.49702,0.251326,1.631868
1002,66.76551458,2.261932,0.281654,1.58546
1003,66.84779931,1.988674,0.336811,1.543666
1004,66.90470902999999,1.81864,0.386463,1.524993
1005,66.95419167,1.649627,0.446791,1.510874
1006,67.02640346999999,1.390221,0.572432,1.495702
1007,67.09611181,1.175843,0.71095,1.492037
1008,67.16584792,0.974157,0.87013,1.493306
1009,67.23151458,0.815035,1.022315,1.498827
1010,67.30502847,0.631959,1.24269,1.517619
1011,67.38111875,0.501549,1.447324,1.543369
1012,67.44996597,0.400281,1.661488,1.570689
1013,67.51195208,0.33287,1.851757,1.596267
1014,67.59161875,0.276165,2.114981,1.617583
1015,67.65808403,0.250523,2.351595,1.628383
1016,67.71734097,0.242581,2.557595,1.63111
1017,67.76909097,0.247295,2.729022,1.63519
1018,67.81691389,0.257526,2.898401,1.642234
1019,67.87602153,0.28106,3.096886,1.654026
1020,67.91344514,0.294368,3.192824,1.661845
1021,67.95249722,0.316373,3.315964,1.673819
1022,67.99035832999999,0.339659,3.433993,1.689779
1023,68.01865347,0.356144,3.519021,1.706088
1024,68.04822985999999,0.370894,3.601245,1.723375
1025,68.07929236,0.3877,3.679032,1.739764
1026,68.12874028,0.416117,3.801849,1.764159
1027,68.18151111,0.438101,3.916046,1.78962
1028,68.23387917,0.454036,4.01812,1.814559
1029,68.26462916999999,0.460244,4.072265,1.828896
1030,68.29533402999999,0.465286,4.133897,1.848869
1031,68.34254582999999,0.467438,4.18425,1.868525
1032,68.39000417,0.467308,4.232137,1.891627
1033,68.44621944,0.464022,4.268613,1.907621
1034,68.52375417,0.453712,4.295695,1.899214
1035,68.55107361,0.445148,4.299243,1.881888
1036,68.57944167,0.438329,4.297873,1.856393
1037,68.62584444,0.434809,4.27952,1.795202
1038,68.68011874999999,0.438363,4.245951,1.715835
1039,68.73361528,0.444403,4.201985,1.615937
1040,68.76323332999999,0.450742,4.171793,1.548871
1041,68.80212917,0.458272,4.124004,1.452798
1042,68.85995903,0.477293,4.030418,1.300272
1043,68.89822292,0.497324,3.950211,1.198099
1044,68.93694513999999,0.520228,3.853729,1.102267
1045,68.99216042,0.549095,3.712452,0.996226
1046,69.05012569,0.581083,3.51916,0.886151
1047,69.09968819,0.60609,3.342491,0.805224
1048,69.15677846999999,0.627892,3.118118,0.7219
1049,69.2245875,0.647623,2.88168,0.661544
1050,69.28810833,0.668854,2.594918,0.62343
1051,69.35613264,0.681618,2.301852,0.612214
1052,69.42134792,0.683814,2.050676,0.624597
1053,69.50821944,0.67901,1.683467,0.677289
1054,69.60078889,0.674373,1.342201,0.771297
1055,69.6799625,0.684265,1.075365,0.886095
1056,69.76542083,0.725712,0.82812,1.03412
1057,69.85594861,0.801571,0.635525,1.183818
1058,69.95424722,0.917215,0.49143,1.310089
1059,70.12744513999999,1.245769,0.318784,1.445047
1060,70.19000417,1.380087,0.288733,1.448992
1061,70.23593472,1.501034,0.275361,1.435398
1062,70.28842431,1.627994,0.269175,1.412468
1063,70.34191041999999,1.763695,0.272436,1.381451
1064,70.40666042,1.965793,0.287956,1.336216
1065,70.47898332999999,2.178647,0.315,1.294927
1066,70.55306666999999,2.403491,0.34985,1.263605
1067,70.63817431,2.701126,0.401711,1.246913
1068,70.71293471999999,2.932503,0.445441,1.254697
1069,70.77865,3.156913,0.487825,1.282541
1070,70.82318125,3.278502,0.512239,1.309695
1071,70.86239653,3.394681,0.536502,1.344465
1072,70.91535486,3.559102,0.571315,1.406683
1073,70.98940347,3.735639,0.616328,1.487153
1074,71.06612222,3.912119,0.680362,1.577976
1075,71.14723332999999,4.040391,0.776691,1.66112
1076,71.23293472,4.142035,0.894852,1.72159
1077,71.31756666999999,4.21967,1.054911,1.752198
1078,71.38330972,4.253714,1.174684,1.7486
1079,71.43545556,4.275358,1.304198,1.719955
1080,71.47985486,4.286023,1.392382,1.689954
1081,71.53918819,4.289163,1.53283,1.628805
1082,71.589275,4.281934,1.655019,1.566622
1083,71.62894167,4.267456,1.757393,1.510066
1084,71.68342430999999,4.240116,1.888991,1.433124
1085,71.7374,4.19327,2.055403,1.33533
1086,71.78866042,4.141242,2.201073,1.255413
1087,71.85662916999999,4.045623,2.416071,1.152369
1088,71.9125875,3.964361,2.577034,1.088109
1089,71.98241736,3.836182,2.808481,1.018557
1090,72.05990694,3.669471,3.078206,0.973771
1091,72.12320556,3.532334,3.27826,0.962121
1092,72.20193818999999,3.331007,3.529922,0.978035
1093,72.28037917,3.11111,3.751006,1.024409
1094,72.35981667,2.87744,3.93261,1.091556
1095,72.43305624999999,2.664353,4.053507,1.160129
1096,72.50508056,2.419971,4.155704,1.239152
1097,72.56893819,2.238089,4.208978,1.293832
1098,72.63013264,2.057424,4.239496,1.344819
1099,72.731275,1.768059,4.25088,1.418137
1100,72.78903194,1.599081,4.238633,1.45168
1101,72.86830278,1.382318,4.197829,1.483351
1102,72.93795208,1.20195,4.141599,1.501915
1103,73.00840347,1.029332,4.069356,1.512533
1104,73.07392777999999,0.887068,3.994954,1.515932
1105,73.13406667,0.752659,3.908306,1.515971
1106,73.20903194,0.589687,3.769316,1.508878
1107,73.27978888999999,0.465739,3.62645,1.495483
1108,73.34388611,0.37478,3.489191,1.477457
1109,73.41020903,0.2956,3.31308,1.452093
1110,73.48647638999999,0.236176,3.094572,1.417776
1111,73.55831667,0.209877,2.891046,1.383425
1112,73.65860486,0.215532,2.582008,1.333623
1113,73.73309096999999,0.244057,2.356912,1.299898
1114,73.82089306,0.306294,2.061214,1.261071
1115,73.90642083,0.392739,1.764123,1.239809
1116,73.97655972,0.472333,1.537247,1.240788
1117,74.03945208,0.546046,1.349756,1.258368
1118,74.10635486,0.628948,1.14153,1.29544
1119,74.17613958,0.7074,0.953562,1.352707
1120,74.23664305999999,0.765329,0.806401,1.416161
1121,74.29304236,0.810671,0.695734,1.474539
1122,74.35704583,0.8759,0.558359,1.557177
1123,74.41653542,0.931663,0.455243,1.62332
1124,74.48236874999999,0.997047,0.36811,1.685565
1125,74.53817083,1.069233,0.295843,1.735733
1126,74.60528889,1.169938,0.233384,1.774333
1127,74.67581667,1.282938,0.188117,1.788645
1128,74.73864653,1.390475,0.166534,1.778386
1129,74.79124374999999,1.486992,0.157134,1.750876
1130,74.848275,1.607646,0.150994,1.699331
1131,74.91509097,1.76496,0.160534,1.612985
1132,74.97074028,1.888109,0.182157,1.542162
1133,75.01607014,2.019151,0.215618,1.467888
1134,75.06568819,2.157124,0.25975,1.3934
1135,75.11974028,2.301616,0.312408,1.321859
1136,75.19818819,2.55265,0.401256,1.221916
1137,75.25822986,2.756468,0.471752,1.167427
1138,75.30953542,2.932058,0.53178,1.138965
1139,75.35061875,3.073607,0.579191,1.129301
1140,75.38820556,3.212744,0.628971,1.131952
1141,75.41798681,3.313861,0.66853,1.141974
1142,75.47895903,3.509185,0.751959,1.173799
1143,75.53634792,3.689373,0.845903,1.216434
1144,75.60548333,3.873364,0.969908,1.27698
1145,75.67374028,3.99911,1.093977,1.334842
1146,75.74083055999999,4.110717,1.253776,1.400825
1147,75.79237222,4.169263,1.376471,1.442178
1148,75.84664305999999,4.217041,1.533374,1.480989
1149,75.91843472,4.242665,1.723798,1.511188
1150,75.97354582999999,4.245402,1.863476,1.520054
1151,76.03010833,4.236203,2.035395,1.5164
1152,76.10909443999999,4.20538,2.265451,1.488156
1153,76.18203194,4.159626,2.470853,1.451053
1154,76.22820903,4.11655,2.619845,1.424955
1155,76.26131319,4.085165,2.70833,1.411287
1156,76.29952152999999,4.032639,2.824276,1.397718
1157,76.34722639,3.957391,2.966795,1.38525
1158,76.39600764,3.870876,3.106367,1.371308
1159,76.47275069,3.733133,3.294072,1.3504
1160,76.55349722,3.545987,3.491097,1.327129
1161,76.62801806,3.330126,3.664979,1.310743
1162,76.70679583,3.091936,3.814428,1.303867
1163,76.76899722,2.900412,3.906396,1.304901
1164,76.84702847,2.633873,4.003714,1.313792
1165,76.90855278,2.429466,4.055227,1.326319
1166,76.96930972,2.223892,4.090056,1.341664
1167,77.04081667,1.984826,4.115005,1.36161
1168,77.11262569,1.749642,4.122014,1.389286
1169,77.18072292,1.520837,4.114789,1.424671
1170,77.24227847,1.331745,4.098958,1.459521
1171,77.30016042,1.150397,4.075349,1.499281
1172,77.35266041999999,1.007725,4.054199,1.536161
1173,77.39199722,0.90039,4.034952,1.568244
1174,77.42317778,0.824583,4.021226,1.594605
1175,77.45845556,0.730879,4.001761,1.633274
1176,77.50006667,0.645966,3.982198,1.676653
1177,77.54565,0.551396,3.958133,1.731572
1178,77.59157014,0.483232,3.938504,1.77499
1179,77.63322639,0.423225,3.917832,1.816973
1180,77.67061875,0.369416,3.89503,1.857102
1181,77.70386875,0.333229,3.877768,1.884228
1182,77.74059444,0.290266,3.855918,1.918889
1183,77.76945903,0.260969,3.8362,1.941787
1184,77.79765347,0.236995,3.815955,1.963073
1185,77.87104931,0.205761,3.771384,2.003703
1186,77.92739999999999,0.183843,3.724771,2.02416
1187,77.97599028,0.171682,3.679506,2.020012
1188,78.02497638999999,0.175222,3.637521,2.001378
1189,78.08662222,0.187898,3.562134,1.934578
1190,78.15836181,0.20901,3.478422,1.827804
1191,78.22959097,0.24301,3.378458,1.694511
1192,78.30329931,0.289464,3.249679,1.545804
1193,78.35957708,0.339005,3.110611,1.418358
1194,78.41214305999999,0.38295,2.974031,1.318786
1195,78.48036180999999,0.44493,2.755448,1.200141
1196,78.54480278,0.494091,2.547881,1.121135
1197,78.61805971999999,0.550871,2.251518,1.050305
1198,78.68516042,0.59108,1.981495,1.021133
1199,78.75369861,0.621116,1.746547,1.016268
1200,78.82267082999999,0.655611,1.476461,1.034769
1201,78.89555625,0.709601,1.183948,1.085883
1202,78.97632708,0.790254,0.920845,1.161064
1203,79.05385138999999,0.890123,0.723901,1.237291
1204,79.13674028,1.055415,0.519748,1.334251
1205,79.22488958,1.232689,0.383335,1.408552
1206,79.28268471999999,1.381565,0.307098,1.452996
1207,79.34440694,1.54389,0.251335,1.482726
1208,79.41143819,1.746968,0.209769,1.504436
1209,79.47400417,1.931773,0.190815,1.50738
1210,79.54381667,2.145556,0.184858,1.503599
1211,79.61899722,2.390155,0.203727,1.495086
1212,79.714275,2.674237,0.257785,1.483857
1213,79.79078194,2.931064,0.316424,1.479252
1214,79.84575069,3.12189,0.367776,1.484678
1215,79.88100763999999,3.216544,0.396633,1.490919
1216,79.94182361,3.400478,0.458022,1.510638
1217,80.01527152999999,3.630219,0.555012,1.550787
1218,80.07691389,3.786243,0.639637,1.589228
1219,80.13140693999999,3.901333,0.72217,1.625692
1220,80.21355971999999,4.050662,0.879407,1.682045
1221,80.29434444,4.16527,1.058106,1.724673
1222,80.36148333,4.23164,1.233542,1.744075
1223,80.43715,4.272949,1.450564,1.742601
1224,80.49827847,4.284606,1.620739,1.721694
1225,80.56576457999999,4.274084,1.825181,1.685187
1226,80.63136875,4.245075,2.003995,1.645772
1227,80.69936528,4.189349,2.215776,1.59102
1228,80.76901458,4.112494,2.430968,1.535359
1229,80.82747639,4.030509,2.619857,1.491197
1230,80.88835485999999,3.932169,2.809861,1.450335
1231,80.95784096999999,3.799514,3.031403,1.413098
1232,81.03816736,3.619145,3.275785,1.393933
1233,81.12791736,3.386717,3.53174,1.398785
1234,81.21876111,3.129293,3.755512,1.423325
1235,81.30574375,2.850046,3.931338,1.464153
1236,81.38082014,2.624563,4.034197,1.502538
1237,81.45495208,2.396298,4.104632,1.540971
1238,81.51900417,2.168633,4.140836,1.579929
1239,81.56962222,2.0079,4.149766,1.60743
1240,81.61677847,1.850917,4.147117,1.633139
1241,81.66352499999999,1.726978,4.136587,1.65305
1242,81.71556667,1.548914,4.110952,1.681036
1243,81.76125069,1.43532,4.088789,1.699404
1244,81.80361528,1.32842,4.06716,1.719914
1245,81.84374027999999,1.227655,4.046261,1.743721
1246,81.87863958,1.133539,4.030627,1.771734
1247,81.91956318999999,1.044661,4.018067,1.800988
1248,81.96048680999999,0.961752,4.010739,1.830809
1249,82.00589305999999,0.864007,4.001799,1.866658
1250,82.06155625,0.772467,3.997677,1.897434
1251,82.12826111,0.652755,3.987765,1.929791
1252,82.18129583,0.572611,3.973145,1.944954
1253,82.23401111,0.497896,3.949145,1.953043
1254,82.29219514,0.417284,3.904561,1.948394
1255,82.35485486,0.347007,3.84116,1.922925
1256,82.40822292,0.28523,3.761741,1.875123
1257,82.46934097,0.236917,3.668309,1.805901
1258,82.54268125,0.203977,3.537274,1.701856
1259,82.61204236,0.191078,3.384124,1.579232
1260,82.67254236,0.200279,3.232992,1.467134
1261,82.73985486,0.232356,3.033053,1.340195
1262,82.79906319,0.272356,2.842691,1.24187
1263,82.86713611,0.326689,2.599378,1.148919
1264,82.94449374999999,0.386475,2.338156,1.083488
1265,83.05494861,0.47566,1.91147,1.031155
1266,83.12688611,0.548221,1.605013,1.042507
1267,83.19215694,0.608414,1.384248,1.073074
1268,83.2654625,0.705666,1.111987,1.139984
1269,83.34391042,0.804734,0.896333,1.211474
1270,83.42985485999999,0.964783,0.658947,1.308064
1271,83.52247639,1.159348,0.469823,1.396861
1272,83.57773333,1.305692,0.369781,1.447766
1273,83.64038611,1.465079,0.291684,1.488713
1274,83.69408403,1.606288,0.24464,1.518478
1275,83.75378542,1.783012,0.205907,1.546579
1276,83.81316736,1.967661,0.181971,1.568524
1277,83.89522639,2.248038,0.187207,1.575675
1278,83.97635486,2.499513,0.233142,1.563864
1279,84.04282708,2.689843,0.280573,1.55566
1280,84.08256319,2.818084,0.31565,1.552934
1281,84.14468124999999,3.00724,0.379784,1.551658
1282,84.21703194,3.249964,0.489538,1.557223
1283,84.29065347,3.449406,0.605564,1.569547
1284,84.36660832999999,3.657682,0.764025,1.592563
1285,84.44913611,3.83713,0.950282,1.615492
1286,84.51713957999999,3.963756,1.137525,1.630561
1287,84.56298333,4.024229,1.253177,1.633649
1288,84.60148333,4.07822,1.373,1.633989
1289,84.65470207999999,4.133609,1.528967,1.626685
1290,84.70019861,4.17141,1.690656,1.617917
1291,84.75605278,4.195309,1.890497,1.605203
1292,84.81319514,4.197871,2.061075,1.591731
1293,84.88239306,4.182736,2.30222,1.57219
1294,84.93707708,4.151279,2.509863,1.555086
1295,84.97465694,4.130015,2.612494,1.549978
1296,85.00185486,4.102386,2.713163,1.547273
1297,85.03975417,4.058228,2.84256,1.549012
1298,85.06387222,4.031774,2.904748,1.551603
1299,85.13003889,3.918933,3.107659,1.56628
1300,85.19489306,3.801939,3.268199,1.575464
1301,85.27107013999999,3.624652,3.466733,1.572838
1302,85.34450417,3.448862,3.625831,1.567798
1303,85.41829236,3.224233,3.7804,1.567415
1304,85.49659097,2.983423,3.906111,1.572847
1305,85.58199028,2.731196,4.003491,1.580833
1306,85.65917778,2.472367,4.070642,1.590447
1307,85.72163610999999,2.27646,4.100409,1.600371
1308,85.77640346999999,2.08132,4.118771,1.613345
1309,85.83247639,1.921376,4.123517,1.629201
1310,85.88541389,1.732941,4.11738,1.652332
1311,85.93243472,1.609399,4.109939,1.669349
1312,85.98955972,1.430125,4.093654,1.696427
1313,86.04646944,1.257528,4.071584,1.727919
1314,86.10047292,1.119256,4.058777,1.752964
1315,86.15594167,0.961365,4.046253,1.780077
1316,86.20428194,0.861443,4.040432,1.799359
1317,86.25572638999999,0.723361,4.036033,1.83293
1318,86.30431319,0.640269,4.031972,1.860022
1319,86.34234097,0.564473,4.029505,1.889453
1320,86.37630278,0.497235,4.025107,1.921919
1321,86.41420903,0.451177,4.018792,1.947917
1322,86.44291736,0.410433,4.010457,1.974112
1323,86.46744167,0.373599,4.001451,2.000602
1324,86.49701458,0.339996,3.990067,2.025123
1325,86.52811528,0.312262,3.977277,2.049018
1326,86.62524375,0.247225,3.913888,2.110114
1327,86.74501111,0.205187,3.807021,2.113913
1328,86.79135139,0.199998,3.761451,2.092018
